Model,Total Runs,Total Runtime (s),CO2 Emissions (kg)
gpt2,25,13.9255,0.00012232716434485617
gpt2-medium,25,23.2242,0.00025494787067877224
gpt2-large,25,34.3417,0.0004293642132464747
